{
    "pools": [
        {
		"rolls":1,
		"entries": [
			{
				"type":"item",
				"name":"minecraft:armor_stand",
				"weight":2,
				"functions": [
					{
						"function":"set_nbt",
						"tag":"{display:{Name:\"Enderman Spawner\",Lore:[\"Place to create an enderman spawner\"]},EntityTag:{Invisible:1,Tags:[\"EndermanSpawner\"]}}"
					}
				]
			},
			{
				"type":"item",
				"name":"minecraft:armor_stand",
				"weight":1,
				"functions": [
					{
						"function":"set_nbt",
						"tag":"{display:{Name:\"Shulker Spawner\",Lore:[\"Place to create a shulker spawner\"]},EntityTag:{Invisible:1,Tags:[\"ShulkerSpawner\"]}}"
					}
				]
			},
			{
				"type":"item",
				"name":"minecraft:armor_stand",
				"weight":2,
				"functions": [
					{
						"function":"set_nbt",
						"tag":"{display:{Name:\"Endermite Spawner\",Lore:[\"Place to create an endermite spawner\"]},EntityTag:{Invisible:1,Tags:[\"EndermiteSpawner\"]}}"
					}
				]
			},
			{
                "type": "empty",
                "weight": 20
            }
		]
		},
		{
            "rolls": {
                "min": 2,
                "max": 6
            },
            "entries": [
				{
                    "type": "item",
                    "name": "minecraft:diamond",
                    "weight": 5,
                    "functions": [
                        {
                            "function": "set_count",
                            "count": {
                                "min": 2,
                                "max": 7
                            }
                        }
                    ]
                },
                {
                    "type": "item",
                    "name": "minecraft:iron_ingot",
                    "weight": 10,
                    "functions": [
                        {
                            "function": "set_count",
                            "count": {
                                "min": 4,
                                "max": 8
                            }
                        }
                    ]
                },
                {
                    "type": "item",
                    "name": "minecraft:gold_ingot",
                    "weight": 15,
                    "functions": [
                        {
                            "function": "set_count",
                            "count": {
                                "min": 2,
                                "max": 7
                            }
                        }
                    ]
                },
                {
                    "type": "item",
                    "name": "minecraft:emerald",
                    "weight": 2,
                    "functions": [
                        {
                            "function": "set_count",
                            "count": {
                                "min": 2,
                                "max": 6
                            }
                        }
                    ]
                },
                {
                    "type": "item",
                    "name": "minecraft:beetroot_seeds",
                    "weight": 5,
                    "functions": [
                        {
                            "function": "set_count",
                            "count": {
                                "min": 1,
                                "max": 10
                            }
                        }
                    ]
                },
                {
                    "type": "item",
                    "name": "minecraft:saddle",
                    "weight": 3
                },
                {
                    "type": "item",
                    "name": "minecraft:iron_horse_armor",
                    "weight": 1
                },
                {
                    "type": "item",
                    "name": "minecraft:golden_horse_armor",
                    "weight": 1
                },
                {
                    "type": "item",
                    "name": "minecraft:diamond_horse_armor",
                    "weight": 1
                },
                {
                    "type": "item",
                    "name": "minecraft:diamond_sword",
                    "weight": 3,
                    "functions": [
                        {
                            "function": "enchant_with_levels",
                            "treasure": true,
                            "levels": {
                                "min": 20,
                                "max": 39
                            }
                        }
                    ]
                },
                {
                    "type": "item",
                    "name": "minecraft:diamond_boots",
                    "weight": 3,
                    "functions": [
                        {
                            "function": "enchant_with_levels",
                            "treasure": true,
                            "levels": {
                                "min": 20,
                                "max": 39
                            }
                        }
                    ]
                },
                {
                    "type": "item",
                    "name": "minecraft:diamond_chestplate",
                    "weight": 3,
                    "functions": [
                        {
                            "function": "enchant_with_levels",
                            "treasure": true,
                            "levels": {
                                "min": 20,
                                "max": 39
                            }
                        }
                    ]
                },
                {
                    "type": "item",
                    "name": "minecraft:diamond_leggings",
                    "weight": 3,
                    "functions": [
                        {
                            "function": "enchant_with_levels",
                            "treasure": true,
                            "levels": {
                                "min": 20,
                                "max": 39
                            }
                        }
                    ]
                },
                {
                    "type": "item",
                    "name": "minecraft:diamond_helmet",
                    "weight": 3,
                    "functions": [
                        {
                            "function": "enchant_with_levels",
                            "treasure": true,
                            "levels": {
                                "min": 20,
                                "max": 39
                            }
                        }
                    ]
                },
                {
                    "type": "item",
                    "name": "minecraft:diamond_pickaxe",
                    "weight": 3,
                    "functions": [
                        {
                            "function": "enchant_with_levels",
                            "treasure": true,
                            "levels": {
                                "min": 20,
                                "max": 39
                            }
                        }
                    ]
                },
                {
                    "type": "item",
                    "name": "minecraft:diamond_shovel",
                    "weight": 3,
                    "functions": [
                        {
                            "function": "enchant_with_levels",
                            "treasure": true,
                            "levels": {
                                "min": 20,
                                "max": 39
                            }
                        }
                    ]
                },
                {
                    "type": "item",
                    "name": "minecraft:iron_sword",
                    "weight": 3,
                    "functions": [
                        {
                            "function": "enchant_with_levels",
                            "treasure": true,
                            "levels": {
                                "min": 20,
                                "max": 39
                            }
                        }
                    ]
                },
                {
                    "type": "item",
                    "name": "minecraft:iron_boots",
                    "weight": 3,
                    "functions": [
                        {
                            "function": "enchant_with_levels",
                            "treasure": true,
                            "levels": {
                                "min": 20,
                                "max": 39
                            }
                        }
                    ]
                },
                {
                    "type": "item",
                    "name": "minecraft:iron_chestplate",
                    "weight": 3,
                    "functions": [
                        {
                            "function": "enchant_with_levels",
                            "treasure": true,
                            "levels": {
                                "min": 20,
                                "max": 39
                            }
                        }
                    ]
                },
                {
                    "type": "item",
                    "name": "minecraft:iron_leggings",
                    "weight": 3,
                    "functions": [
                        {
                            "function": "enchant_with_levels",
                            "treasure": true,
                            "levels": {
                                "min": 20,
                                "max": 39
                            }
                        }
                    ]
                },
                {
                    "type": "item",
                    "name": "minecraft:iron_helmet",
                    "weight": 3,
                    "functions": [
                        {
                            "function": "enchant_with_levels",
                            "treasure": true,
                            "levels": {
                                "min": 20,
                                "max": 39
                            }
                        }
                    ]
                },
                {
                    "type": "item",
                    "name": "minecraft:iron_pickaxe",
                    "weight": 3,
                    "functions": [
                        {
                            "function": "enchant_with_levels",
                            "treasure": true,
                            "levels": {
                                "min": 20,
                                "max": 39
                            }
                        }
                    ]
                },
                {
                    "type": "item",
                    "name": "minecraft:iron_shovel",
                    "weight": 3,
                    "functions": [
                        {
                            "function": "enchant_with_levels",
                            "treasure": true,
                            "levels": {
                                "min": 20,
                                "max": 39
                            }
                        }
                    ]
                }
            ]
        }
    ]
}