{
    "pools": [
        {
		"rolls":1,
		"entries": [
			{
				"type":"item",
				"name":"minecraft:armor_stand",
				"weight":1,
				"functions": [
					{
						"function":"set_nbt",
						"tag":"{display:{Name:\"Llama Spawner\",Lore:[\"Place to create a llama spawner\"]},EntityTag:{Invisible:1,Tags:[\"LlamaSpawner\"]}}"
					}
				]
			},
			{
				"type":"item",
				"name":"minecraft:armor_stand",
				"weight":1,
				"functions": [
					{
						"function":"set_nbt",
						"tag":"{display:{Name:\"Polar Bear Spawner\",Lore:[\"Place to create a polar bear spawner\"]},EntityTag:{Invisible:1,Tags:[\"PolarBearSpawner\"]}}"
					}
				]
			},
			{
				"type":"item",
				"name":"minecraft:armor_stand",
				"weight":1,
				"functions": [
					{
						"function":"set_nbt",
						"tag":"{display:{Name:\"Snowman Spawner\",Lore:[\"Place to create a snowman spawner\"]},EntityTag:{Invisible:1,Tags:[\"SnowmanSpawner\"]}}"
					}
				]
			},
			{
				"type":"item",
				"name":"minecraft:armor_stand",
				"weight":1,
				"functions": [
					{
						"function":"set_nbt",
						"tag":"{display:{Name:\"Stray Spawner\",Lore:[\"Place to create a stray spawner\"]},EntityTag:{Invisible:1,Tags:[\"StraySpawner\"]}}"
					}
				]
			},
			{
                "type": "empty",
                "weight": 21
            }
		]
		},
		{
            "rolls": {
                "min": 2,
                "max": 8
            },
            "entries": [
                {
                    "type": "item",
                    "name": "minecraft:apple",
                    "weight": 15,
                    "functions": [
                        {
                            "function": "minecraft:set_count",
                            "count": {
                                "min": 1,
                                "max": 3
                            }
                        }
                    ]
                },
                {
                    "type": "item",
                    "name": "minecraft:coal",
                    "weight": 15,
                    "functions": [
                        {
                            "function": "minecraft:set_count",
                            "count": {
                                "min": 1,
                                "max": 4
                            }
                        }
                    ]
                },
                {
                    "type": "item",
                    "name": "minecraft:gold_nugget",
                    "weight": 10,
                    "functions": [
                        {
                            "function": "minecraft:set_count",
                            "count": {
                                "min": 1,
                                "max": 3
                            }
                        }
                    ]
                },
                {
                    "type": "item",
                    "name": "minecraft:stone_axe",
                    "weight": 2
                },
                {
                    "type": "item",
                    "name": "minecraft:rotten_flesh",
                    "weight": 10
                },
                {
                    "type": "item",
                    "name": "minecraft:emerald",
                    "weight": 1
                },
                {
                    "type": "item",
                    "name": "minecraft:wheat",
                    "weight": 10,
                    "functions": [
                        {
                            "function": "minecraft:set_count",
                            "count": {
                                "min": 2,
                                "max": 3
                            }
                        }
                    ]
                }
            ]
        },
        {
            "rolls": 1,
            "entries": [
                {
                    "type": "item",
                    "name": "minecraft:golden_apple",
                    "weight": 1
                }
            ]
        }
    ]
}