{
    "pools": [
        {
		"rolls":1,
		"entries": [
			{
				"type":"item",
				"name":"minecraft:armor_stand",
				"weight":5,
				"functions": [
					{
						"function":"set_nbt",
						"tag":"{display:{Name:\"Silverfish Spawner\",Lore:[\"Place to create a silverfish spawner\"]},EntityTag:{Invisible:1,Tags:[\"SilverfishSpawner\"]}}"
					}
				]
			},
			{
                "type": "empty",
                "weight": 20
            }
		]
		},
		{
            "rolls": {
                "min": 2,
                "max": 3
            },
            "entries": [
                {
                    "type": "item",
                    "name": "minecraft:ender_pearl",
                    "weight": 10
                },
                {
                    "type": "item",
                    "name": "minecraft:diamond",
                    "functions": [
                        {
                            "function": "set_count",
                            "count": {
                                "min": 1,
                                "max": 3
                            }
                        }
                    ],
                    "weight": 3
                },
                {
                    "type": "item",
                    "name": "minecraft:iron_ingot",
                    "functions": [
                        {
                            "function": "set_count",
                            "count": {
                                "min": 1,
                                "max": 5
                            }
                        }
                    ],
                    "weight": 10
                },
                {
                    "type": "item",
                    "name": "minecraft:gold_ingot",
                    "functions": [
                        {
                            "function": "set_count",
                            "count": {
                                "min": 1,
                                "max": 3
                            }
                        }
                    ],
                    "weight": 5
                },
                {
                    "type": "item",
                    "name": "minecraft:redstone",
                    "functions": [
                        {
                            "function": "set_count",
                            "count": {
                                "min": 4,
                                "max": 9
                            }
                        }
                    ],
                    "weight": 5
                },
                {
                    "type": "item",
                    "name": "minecraft:bread",
                    "functions": [
                        {
                            "function": "set_count",
                            "count": {
                                "min": 1,
                                "max": 3
                            }
                        }
                    ],
                    "weight": 15
                },
                {
                    "type": "item",
                    "name": "minecraft:apple",
                    "functions": [
                        {
                            "function": "set_count",
                            "count": {
                                "min": 1,
                                "max": 3
                            }
                        }
                    ],
                    "weight": 15
                },
                {
                    "type": "item",
                    "name": "minecraft:iron_pickaxe",
                    "weight": 5
                },
                {
                    "type": "item",
                    "name": "minecraft:iron_sword",
                    "weight": 5
                },
                {
                    "type": "item",
                    "name": "minecraft:iron_chestplate",
                    "weight": 5
                },
                {
                    "type": "item",
                    "name": "minecraft:iron_helmet",
                    "weight": 5
                },
                {
                    "type": "item",
                    "name": "minecraft:iron_leggings",
                    "weight": 5
                },
                {
                    "type": "item",
                    "name": "minecraft:iron_boots",
                    "weight": 5
                },
                {
                    "type": "item",
                    "name": "minecraft:golden_apple",
                    "weight": 1
                },
                {
                    "type": "item",
                    "name": "minecraft:saddle",
                    "weight": 1
                },
                {
                    "type": "item",
                    "name": "minecraft:iron_horse_armor",
                    "weight": 1
                },
                {
                    "type": "item",
                    "name": "minecraft:golden_horse_armor",
                    "weight": 1
                },
                {
                    "type": "item",
                    "name": "minecraft:diamond_horse_armor",
                    "weight": 1
                },
                {
                    "type": "item",
                    "name": "minecraft:book",
                    "weight": 1,
                    "functions": [
                        {
                            "function": "enchant_with_levels",
                            "levels": 30,
                            "treasure": true
                        }
                    ]
                }
            ]
        }
    ]
}