{
    "pools": [
        {
		"rolls":1,
		"entries": [
			{
				"type":"item",
				"name":"minecraft:armor_stand",
				"weight":2,
				"functions": [
					{
						"function":"set_nbt",
						"tag":"{display:{Name:\"Cow Spawner\",Lore:[\"Place to create a cow spawner\"]},EntityTag:{Invisible:1,Tags:[\"CowSpawner\"]}}"
					}
				]
			},
			{
				"type":"item",
				"name":"minecraft:armor_stand",
				"weight":1,
				"functions": [
					{
						"function":"set_nbt",
						"tag":"{display:{Name:\"Horse Spawner\",Lore:[\"Place to create a horse spawner\"]},EntityTag:{Invisible:1,Tags:[\"HorseSpawner\"]}}"
					}
				]
			},
			{
				"type":"item",
				"name":"minecraft:armor_stand",
				"weight":2,
				"functions": [
					{
						"function":"set_nbt",
						"tag":"{display:{Name:\"Mooshroom Spawner\",Lore:[\"Place to create a mooshroom spawner\"]},EntityTag:{Invisible:1,Tags:[\"MooshroomSpawner\"]}}"
					}
				]
			},
			{
				"type":"item",
				"name":"minecraft:armor_stand",
				"weight":1,
				"functions": [
					{
						"function":"set_nbt",
						"tag":"{display:{Name:\"Iron golem Spawner\",Lore:[\"Place to create an iron golem spawner\"]},EntityTag:{Invisible:1,Tags:[\"VillagerGolemSpawner\"]}}"
					}
				]
			},
			{
				"type":"item",
				"name":"minecraft:armor_stand",
				"weight":1,
				"functions": [
					{
						"function":"set_nbt",
						"tag":"{display:{Name:\"Villager Spawner\",Lore:[\"Place to create a villager spawner\"]},EntityTag:{Invisible:1,Tags:[\"VillagerSpawner\"]}}"
					}
				]
			},
			{
				"type":"item",
				"name":"minecraft:armor_stand",
				"weight":1,
				"functions": [
					{
						"function":"set_nbt",
						"tag":"{display:{Name:\"Wolf Spawner\",Lore:[\"Place to create a wolf spawner\"]},EntityTag:{Invisible:1,Tags:[\"WolfSpawner\"]}}"
					}
				]
			},
			{
                "type": "empty",
                "weight": 20
            }
		]
		},
		{
            "rolls": {
                "min": 3,
                "max": 8
            },
            "entries": [
                {
                    "type": "item",
                    "name": "minecraft:diamond",
                    "functions": [
                        {
                            "function": "set_count",
                            "count": {
                                "min": 1,
                                "max": 3
                            }
                        }
                    ],
                    "weight": 3
                },
                {
                    "type": "item",
                    "name": "minecraft:iron_ingot",
                    "functions": [
                        {
                            "function": "set_count",
                            "count": {
                                "min": 1,
                                "max": 5
                            }
                        }
                    ],
                    "weight": 10
                },
                {
                    "type": "item",
                    "name": "minecraft:gold_ingot",
                    "functions": [
                        {
                            "function": "set_count",
                            "count": {
                                "min": 1,
                                "max": 3
                            }
                        }
                    ],
                    "weight": 5
                },
                {
                    "type": "item",
                    "name": "minecraft:bread",
                    "functions": [
                        {
                            "function": "set_count",
                            "count": {
                                "min": 1,
                                "max": 3
                            }
                        }
                    ],
                    "weight": 15
                },
                {
                    "type": "item",
                    "name": "minecraft:apple",
                    "functions": [
                        {
                            "function": "set_count",
                            "count": {
                                "min": 1,
                                "max": 3
                            }
                        }
                    ],
                    "weight": 15
                },
                {
                    "type": "item",
                    "name": "minecraft:iron_pickaxe",
                    "weight": 5
                },
                {
                    "type": "item",
                    "name": "minecraft:iron_sword",
                    "weight": 5
                },
                {
                    "type": "item",
                    "name": "minecraft:iron_chestplate",
                    "weight": 5
                },
                {
                    "type": "item",
                    "name": "minecraft:iron_helmet",
                    "weight": 5
                },
                {
                    "type": "item",
                    "name": "minecraft:iron_leggings",
                    "weight": 5
                },
                {
                    "type": "item",
                    "name": "minecraft:iron_boots",
                    "weight": 5
                },
                {
                    "type": "item",
                    "name": "minecraft:obsidian",
                    "functions": [
                        {
                            "function": "set_count",
                            "count": {
                                "min": 3,
                                "max": 7
                            }
                        }
                    ],
                    "weight": 5
                },
                {
                    "type": "item",
                    "name": "minecraft:sapling",
                    "functions": [
                        {
                            "function": "set_count",
                            "count": {
                                "min": 3,
                                "max": 7
                            }
                        }
                    ],
                    "weight": 5
                },
                {
                    "type": "item",
                    "name": "minecraft:saddle",
                    "weight": 3
                },
                {
                    "type": "item",
                    "name": "minecraft:iron_horse_armor",
                    "weight": 1
                },
                {
                    "type": "item",
                    "name": "minecraft:golden_horse_armor",
                    "weight": 1
                },
                {
                    "type": "item",
                    "name": "minecraft:diamond_horse_armor",
                    "weight": 1
                }
            ]
        }
    ]
}